description,locationCode,rentalBikes,fetchTime,type,open
Utrecht Terwijde,utt001,5,1699519826,OV_FIETS,Yes
Brummen,bmn001,3,1699519826,OV_FIETS,Yes
Ermelo,eml001,3,1699519826,OV_FIETS,Unknown
Ravenstein,Rvs001,8,1699519826,OV_FIETS,Yes
Nijmegen Goffert,nmgo001,0,1699519826,OV_FIETS,Yes
Lochem,lc001,4,1699519826,OV_FIETS,Yes
Bergen op Zoom,bgn002,10,1699519826,OV_FIETS,Yes
Oldenzaal,odz001,0,1699519826,OV_FIETS,Yes
Cuijk,ck001,12,1699519826,OV_FIETS,Yes
Veenendaal-De klomp,klp001,6,1699519826,OV_FIETS,Yes
Vroomshoop,vhp001,4,1699519826,OV_FIETS,Yes
Best,bet001,3,1699519826,OV_FIETS,Yes
Winterswijk,ww001,2,1699519826,OV_FIETS,Yes
Amsterdam Bijlmer ArenA,asb003,0,1695282760,OV_FIETS,Yes
Boxtel - Kluis,btl004,12,1699519826,OV_FIETS,Yes
Zuidhorn,Zh001,7,1699519826,OV_FIETS,Yes
Houten Castellum,htnc001,36,1699519826,OV_FIETS,Yes
Voorhout,vh001,0,1699519826,OV_FIETS,Yes
Tilburg Reeshof,tbr001,0,1699519826,OV_FIETS,Yes
Harderwijk,hd001,28,1699519826,OV_FIETS,Yes
Utrecht P+R Westraven,ut007,15,1699519826,OV_FIETS,Yes
Den Haag HS,gv001,0,1699519826,OV_FIETS,Yes
Heerhugowaard,hwd003,10,1699519826,OV_FIETS,Yes
Openbare fietsenstalling gemeente Groningen : Fietsenstalling Europapark,gerp002,3,1699519826,OV_FIETS,Yes
Deventer Boerhavelaan,dv003,19,1699519826,OV_FIETS,Yes
Uden,Ow002,7,1699519826,OV_FIETS,Yes
Deventer,dv001,55,1699519826,OV_FIETS,Yes
"Leiden Centraal, Centrumzijde",ledn002,6,1699519826,OV_FIETS,Yes
Helmond Brandevoort,hmbv001,3,1699519826,OV_FIETS,Yes
Den Helder Zuid,hdrz001,5,1699519826,OV_FIETS,Yes
Castricum,cas002,46,1699519826,OV_FIETS,Yes
Sneek,sk001,8,1699519826,OV_FIETS,Yes
Geldrop,Gp001,7,1699519826,OV_FIETS,Yes
Oudenbosch,odb001,3,1699519826,OV_FIETS,Yes
Anna Paulowna,ana001,1,1699519826,OV_FIETS,Yes
Goes,gs003,6,1699519826,OV_FIETS,Yes
Amersfoort Schothorst,amfs001,3,1699519826,OV_FIETS,Yes
Roosendaal,rsd002,28,1699519826,OV_FIETS,Yes
OV-ebike Arnhem Centrum,ah003,5,1699519826,OV_FIETS,Yes
Gilze Rijen,gz001,2,1699519826,OV_FIETS,Yes
Halfweg Zwanenburg,hwzb001,5,1699519826,OV_FIETS,Yes
Hoorn Kersenboogerd,hnk001,1,1699519826,OV_FIETS,Yes
Hoorn,hn001,31,1699519826,OV_FIETS,Yes
Rotterdam Kralingse Zoom,Rta003,12,1699519826,OV_FIETS,Yes
Boskoop,bsk001,2,1699519826,OV_FIETS,Yes
Rijssen,rsn001,0,1699519826,OV_FIETS,Yes
Venlo,vl001,30,1699519826,OV_FIETS,Yes
Ommen,omn001,0,1699519826,OV_FIETS,Yes
Culemborg,cl003,4,1699519826,OV_FIETS,Yes
Groningen Noord,Gnn001,0,1699519826,OV_FIETS,Yes
Eindhoven Strijp-S,ehs001,0,1699519826,OV_FIETS,Yes
Haarlem Spaarnwoude,hlms001,2,1699519826,OV_FIETS,Yes
Voorburg,vb002,19,1699519826,OV_FIETS,Yes
Soest Zuid,stz001,1,1699519826,OV_FIETS,Yes
Haren,HRN002,4,1699519826,OV_FIETS,Unknown
Hollandse Rading OV-fiets Carrousel,hor001,8,1699519826,OV_FIETS,Yes
Maarheeze,mz001,3,1699519826,OV_FIETS,Yes
Maastricht Randwyck,mtr001,6,1699519826,OV_FIETS,Yes
Amsterdam Muiderpoort,asdm001,8,1699519826,OV_FIETS,Yes
Dieren,dr001,5,1699519826,OV_FIETS,Yes
Wolfheze,wf001,0,1699519826,OV_FIETS,Yes
Meerssen,mes001,3,1699519826,OV_FIETS,Yes
Dordrecht,ddr001,10,1699519826,OV_FIETS,Yes
Maassluis,mss001,6,1699519826,OV_FIETS,Yes
Weesp,wp001,9,1699519826,OV_FIETS,Yes
Vierlingsbeek,vlb001,6,1699519826,OV_FIETS,Yes
Amsterdam Sloterdijk,ass001,5,1699519826,OV_FIETS,Yes
Gorinchem,gr001,,1699519826,OV_FIETS,Yes
Rotterdam Alexander,rta001,3,1699519826,OV_FIETS,Yes
Valkenburg,vk001,6,1699519826,OV_FIETS,Yes
Almelo,aml002,11,1699519826,OV_FIETS,Yes
Bloemendaal,bll001,1,1699519826,OV_FIETS,Yes
Etten-Leur,etn001,0,1699519826,OV_FIETS,Yes
Heiloo,hlo001,10,1699519826,OV_FIETS,Yes
"Leiden Centraal,Uitgang LUMC",ledn001,61,1699519826,OV_FIETS,Yes
Purmerend Overwhere,pmo001,1,1699519826,OV_FIETS,Yes
Lelystad Centrum,lls003,1,1699519826,OV_FIETS,Yes
Utrecht Centraal Jaarbeursplein,ut016,6,1699519826,OV_FIETS,Yes
Zwolle Hanzeland,zl003,6,1699519826,OV_FIETS,Yes
Holten,hon001,5,1699519826,OV_FIETS,Yes
Wijhe,wh001,3,1699519826,OV_FIETS,Yes
Breda Prinsenbeek,bdpb001,7,1699519826,OV_FIETS,Yes
Zwolle,zl004,9,1699519826,OV_FIETS,Yes
Nijmegen,nm001,3,1699519826,OV_FIETS,Yes
Bovenkarspel-Grootebroek,bkg001,3,1699519826,OV_FIETS,Yes
OV-ebike Driebergen-Zeist,db003,14,1699519826,OV_FIETS,Yes
Zeist,db002,23,1699519826,OV_FIETS,Yes
Driebergen-Zeist,db001,44,1699519826,OV_FIETS,Yes
Echt,ec001,1,1699519826,OV_FIETS,Yes
Raalte,rat001,3,1699519826,OV_FIETS,Yes
Dalfsen,dl001,4,1699519826,OV_FIETS,Yes
Rotterdam Slinge,rtd904,4,1699519826,OV_FIETS,Yes
Boxmeer,Bmr001,11,1699519826,OV_FIETS,Yes
Pijnacker,rtd906,2,1699519826,OV_FIETS,Yes
Nunspeet,Ns001,0,1699519826,OV_FIETS,Unknown
Maastricht Noord,mtn001,4,1699519826,OV_FIETS,Yes
Doetinchem de Huet,dtch001,3,1699519826,OV_FIETS,Yes
Utrecht Janskerkhof,ut018,1,1699519826,OV_FIETS,Yes
Delden,ddn001,4,1699519826,OV_FIETS,Yes
Muiden P&R,wp901,7,1699519826,OV_FIETS,Yes
Lage Zwaluwe,Zlw001,1,1699519826,OV_FIETS,Yes
Hengelo Gezondheidspark,hglg001,6,1699519826,OV_FIETS,Yes
Bodegraven,bdg001,1,1699519826,OV_FIETS,Yes
Utrecht Overvecht,uto001,0,1699519826,OV_FIETS,Yes
Soestdijk,sd001,4,1699519826,OV_FIETS,Yes
Delft Zuid,dtz001,,1699519826,OV_FIETS,Yes
Vught,Vg001,2,1699519826,OV_FIETS,Yes
Amsterdam Zuid Zuidplein,asdz001,2,1699519826,OV_FIETS,Yes
Heemskerk,hk001,4,1699519826,OV_FIETS,Yes
Amsterdam Zuid Mahlerplein,asdz003,82,1699519826,OV_FIETS,Yes
Utrecht Vaartsche Rijn Oosterkade,UTVR002,0,1699519826,OV_FIETS,Yes
Utrecht Zuilen,utzl001,4,1699519826,OV_FIETS,Yes
Alphen aan den Rijn,apn001,17,1699519826,OV_FIETS,Yes
Rotterdam Blaak,rtb001,4,1699519826,OV_FIETS,Yes
Vriezenveen,vz001,4,1699519826,OV_FIETS,Yes
Zwijndrecht,zwd003,27,1699519826,OV_FIETS,Yes
Eindhoven OV-fiets PopUp (naast AH),ehv004,34,1698620813,OV_FIETS,Yes
Eindhoven Noordzijde,ehv003,1,1699519826,OV_FIETS,Yes
Eindhoven Zuidzijde (centrum),ehv002,0,1699519826,OV_FIETS,Yes
Winschoten,ws001,0,1699519826,OV_FIETS,Yes
Overveen,ovn001,3,1699519826,OV_FIETS,Yes
Veghel,Btl003,8,1699519826,OV_FIETS,Yes
Naarden-Bussum,ndb003,19,1699519826,OV_FIETS,Yes
Woerden,wd001,18,1699519826,OV_FIETS,Yes
s-Hertogenbosch,ht001,0,1699519826,OV_FIETS,Yes
Baarn,brn002,0,1699519826,OV_FIETS,Yes
Waalwijk,ht002,4,1699519826,OV_FIETS,Yes
Kerkrade Centrum,krd001,5,1699519826,OV_FIETS,Yes
Veenendaal West,vndw001,4,1699519826,OV_FIETS,Yes
Aalten,atn001,7,1699519826,OV_FIETS,Yes
Haarlem Fiets Inn,hlm002,115,1699519826,OV_FIETS,Yes
Bilthoven,bhv002,1,1699519826,OV_FIETS,Yes
Purmerend,pmr001,4,1699519826,OV_FIETS,Yes
Hardenberg,hdb001,3,1699519826,OV_FIETS,Yes
Utrecht Centraal Knoop,ut021,9,1699519826,OV_FIETS,Yes
Beverwijk,bv002,8,1699519826,OV_FIETS,Yes
Boxtel,btl001,15,1699519826,OV_FIETS,Yes
Hoogezand Sappemeer,Hgz001,5,1699519826,OV_FIETS,Yes
Santpoort Noord,sptn001,6,1699519826,OV_FIETS,Yes
Amersfoort Vathorst,avat001,1,1699519826,OV_FIETS,Yes
Roermond,rm001,39,1699519826,OV_FIETS,Yes
Krommenie-Assendelft,kma001,0,1699519826,OV_FIETS,Yes
Heerlen,hrl002,12,1699519826,OV_FIETS,Yes
Rosmalen,rs001,0,1699519826,OV_FIETS,Yes
Vianen OV-fiets ,ut905,14,1699519826,OV_FIETS,Yes
Utrecht P+R Papendorp,ut904,2,1699519826,OV_FIETS,Yes
P + R Utrecht Science Park (De Uithof),ut906,6,1699519826,OV_FIETS,Yes
Arnhem Centrum,ah001,3,1699519826,OV_FIETS,Yes
Hoofddorp,hfd002,17,1699519826,OV_FIETS,Yes
Alkmaar,amr001,57,1699519826,OV_FIETS,Yes
Schagen,sgn001,16,1699519826,OV_FIETS,Yes
Rotterdam Centraal,rtd001,323,1699519826,OV_FIETS,Yes
Tilburg West Universiteit,tbu001,19,1699519826,OV_FIETS,Yes
Gouda Goverwelle,gdg001,3,1699519826,OV_FIETS,Yes
Den Haag Laan van NOI,laa001,0,1699519826,OV_FIETS,Yes
"Delft, Fietsenstalling",dt002,1,1699519826,OV_FIETS,Yes
Uitgeest,utg001,0,1699519826,OV_FIETS,Yes
Den Helder,hdr002,0,1699519826,OV_FIETS,Yes
Alkmaar Noord,amrn002,20,1699519826,OV_FIETS,Yes
Nootdorp,gvc901,3,1699519826,OV_FIETS,Yes
Houten,htn001,33,1699519826,OV_FIETS,Yes
Steenwijk,swk002,7,1699519826,OV_FIETS,Yes
Hoogeveen,hgv003,4,1699519826,OV_FIETS,Yes
Zutphen,zp001,61,1699519826,OV_FIETS,Yes
Breda Centrum,Bd003,20,1699519826,OV_FIETS,Yes
Den Haag Mariahoeve,gvm001,2,1699519826,OV_FIETS,Yes
Venray,vry001,23,1699519826,OV_FIETS,Yes
Barneveld Noord,bnn001,3,1699519826,OV_FIETS,Yes
Zaltbommel,zbm002,15,1699519826,OV_FIETS,Yes
Schiedam,sdm001,3,1699519826,OV_FIETS,Yes
Zoetermeer Centrum West,ztm002,18,1699519826,OV_FIETS,Yes
Borne,bn001,7,1699519826,OV_FIETS,Yes
Zevenbergen,Zvb001,5,1699519826,OV_FIETS,Yes
Driehuis,drh001,6,1699519826,OV_FIETS,Yes
Helmond Brouwhuis,hmbh001,2,1699519826,OV_FIETS,Yes
Nijmegen Heyendaal,nmh001,0,1699519826,OV_FIETS,Yes
Barendrecht,brd002,13,1699519826,OV_FIETS,Yes
Rheden,rh001,2,1699519826,OV_FIETS,Yes
Den Haag Centraal Koningin Julianaplein,gvc021,0,1695722302,OV_FIETS,Yes
Breda Belcrum,bd002,40,1699519826,OV_FIETS,Yes
Amsterdam Centraal IJzijde,asd008,4,1699519826,OV_FIETS,Yes
Amsterdam Noord,asd009,8,1699519826,OV_FIETS,Yes
Obdam,obd001,4,1699519826,OV_FIETS,Yes
Tiel,tl003,9,1699519826,OV_FIETS,Yes
OV-ebike Groningen,gn004,13,1699519826,OV_FIETS,Yes
Oss West,ow001,4,1699519826,OV_FIETS,Yes
Groningen,gn001,220,1699519826,OV_FIETS,Yes
Emmen,emn001,15,1699519826,OV_FIETS,Yes
Utrecht Lunetten,utl001,1,1699519826,OV_FIETS,Yes
Zandvoort,zvt001,17,1699519826,OV_FIETS,Yes
OV-fiets - Maastricht,mt001,149,1699519826,OV_FIETS,Yes
OV-ebike Maastricht,mt003,18,1699519826,OV_FIETS,Yes
Putten,pt001,3,1699519826,OV_FIETS,Yes
Heerenveen,hr002,0,1699519826,OV_FIETS,Yes
Kampen,kpn003,20,1699519826,OV_FIETS,Yes
Veendam,Vdm001,2,1699519826,OV_FIETS,Yes
Didam,did001,6,1699519826,OV_FIETS,Yes
Gouda,gd001,37,1699519826,OV_FIETS,Yes
Heemstede-Aerdenhout,had002,4,1699519826,OV_FIETS,Yes
Rotterdam Fietspunt Wilhelminakade Prinsendam,Rtd003,11,1699519826,OV_FIETS,Yes
Rotterdam Fietspunt Marconiplein,Rtd004,12,1699519826,OV_FIETS,Yes
Enkhuizen,ekz001,17,1699519826,OV_FIETS,Unknown
Hellendoorn/Nijverdal OV-fiets Carrousel,nvd001,21,1699519826,OV_FIETS,Yes
Horst Sevenum,hrt001,2,1699519826,OV_FIETS,Yes
Goor,go001,2,1699519826,OV_FIETS,Yes
Sleeuwijk Tol West,GR002 ,3,1699519826,OV_FIETS,Yes
Barneveld Centrum,bnc001,0,1699519826,OV_FIETS,Yes
Zoetermeer Oost,ztmo001,2,1699519826,OV_FIETS,Yes
Oisterwijk,Ot001,6,1699519826,OV_FIETS,Yes
Duivendrecht,dvd001,1,1699519826,OV_FIETS,Yes
Helmond 't Hout,hmh001,3,1699519826,OV_FIETS,Yes
Dronten,DRON001,1,1699519826,OV_FIETS,Yes
Pijnacker Zuid,rtd907,3,1699519826,OV_FIETS,Yes
Utrecht Leidsche Rijn,utlr001,1,1699519826,OV_FIETS,Yes
Amsterdam Bijlmer ArenA,asb002,0,1699519826,OV_FIETS,Yes
Sittard,std002,22,1699519826,OV_FIETS,Yes
Diemen,dmn001,0,1699519826,OV_FIETS,Yes
Amsterdam Centraal Stationsplein,asd010,75,1699519826,OV_FIETS,Yes
Zevenaar,zv001,4,1699519826,OV_FIETS,Yes
Hoogkarspel,hks001,3,1699519826,OV_FIETS,Yes
Westervoort,wtv001,,1699519826,OV_FIETS,Yes
Bussum Zuid,bsmz001,1,1699519826,OV_FIETS,Yes
Amsterdam RAI,rai001,21,1699519826,OV_FIETS,Yes
Velp,vp001,6,1699519826,OV_FIETS,Yes
Leeuwarden,lw001,4,1699519826,OV_FIETS,Yes
Bunnik,bnk001,7,1699519826,OV_FIETS,Yes
Meppel,mp002,10,1699519826,OV_FIETS,Yes
Amsterdam Amstel,asa001,17,1699519826,OV_FIETS,Yes
Weert,wt003,6,1699519826,OV_FIETS,Yes
Ede-Wageningen Zuidzijde,ed001,5,1699519826,OV_FIETS,Yes
Oss,o002,1,1699519826,OV_FIETS,Yes
Delfzijl,Dz001,3,1699519826,OV_FIETS,Yes
Otterlo,ed901,20,1699519826,OV_FIETS,Yes
Winsum,Wsm001,4,1699519826,OV_FIETS,Yes
Schiphol,shl001,0,1699519826,OV_FIETS,Yes
Geldermalsen,gdm001,0,1699519826,OV_FIETS,Yes
Amsterdam Centraal Oost,asd002,5,1699519826,OV_FIETS,Yes
Vleuten,vtn001,1,1699519826,OV_FIETS,Yes
Hilversum,hvs001,21,1699519826,OV_FIETS,Yes
't Harde,Hde001,0,1699519826,OV_FIETS,Yes
Duiven ,dvn001,16,1699519826,OV_FIETS,Yes
Terborg,tbg001,3,1699519826,OV_FIETS,Yes
Den Haag Centraal Stichthage,gvc001,132,1699519826,OV_FIETS,Yes
Varsseveld,vsv001,2,1699519826,OV_FIETS,Yes
Santpoort Zuid,sptz001,7,1699519826,OV_FIETS,Yes
Tilburg Zuid,tb003,102,1699519826,OV_FIETS,Yes
Tilburg Noord,tb002,14,1699519826,OV_FIETS,Yes
Breukelen,bkl001,3,1699519826,OV_FIETS,Yes
Leiden de Vink,dvnk001,0,1699519826,OV_FIETS,Yes
Beesd,bsd001,5,1699519826,OV_FIETS,Yes
Deurne,dn001,1,1699519826,OV_FIETS,Yes
Rhenen,rhn001,3,1699519826,OV_FIETS,Yes
Zoetermeer Driemanspolder,ztm003,13,1699519826,OV_FIETS,Yes
Landgraaf,lg001,5,1699519826,OV_FIETS,Yes
Heeze-Leende,hze001,0,1699519826,OV_FIETS,Yes
Hilversum Sportpark ,hvsp001,13,1699519826,OV_FIETS,No
Olst,ost001,0,1699519826,OV_FIETS,Yes
Maarssen,mas003,12,1699519826,OV_FIETS,Yes
Amersfoort Mondriaanplein,amf002,51,1699519826,OV_FIETS,Yes
Amersfoort Centraal,amf001,91,1699519826,OV_FIETS,Yes
Hillegom,hil001,3,1699519826,OV_FIETS,Yes
Utrecht Centraal Stationsplein,ut020,231,1699519826,OV_FIETS,Yes
Almere Centrum Landdrostdreef,alm001,29,1699519826,OV_FIETS,Yes
Doetinchem,dtc001,0,1699519826,OV_FIETS,Yes
Zaandam,ZD002,19,1699519826,OV_FIETS,Yes
Beilen,bl001,16,1699519826,OV_FIETS,Yes
Den Dolder,dld001,0,1699519826,OV_FIETS,Yes
's-Hertogenbosch Oost,Hto001,,1699519826,OV_FIETS,Yes
Assen,asn001,82,1699519826,OV_FIETS,Yes
Vlissingen,vs001,21,1699519826,OV_FIETS,Yes
Enschede,es003,55,1699519826,OV_FIETS,Yes
Helmond,hm001,15,1699519826,OV_FIETS,Yes
Amsterdam Lelyplein,asdl001,0,1699519826,OV_FIETS,No
Sliedrecht,sdt001,2,1699519826,OV_FIETS,Yes
Voorschoten,vst001,0,1699519826,OV_FIETS,Yes
Diemen Zuid,dmnz001,1,1699519826,OV_FIETS,Yes
Appingedam,Apg001,3,1699519826,OV_FIETS,Yes
Rotterdam Lombardijen,rlb001,0,1699519826,OV_FIETS,Yes
Reuver,rv001,7,1699519826,OV_FIETS,Yes
Utrecht Rijnsweerd,ut903,11,1699519826,OV_FIETS,Yes
Wijchen,wc001,6,1699519826,OV_FIETS,Yes
Elst,est001,1,1699519826,OV_FIETS,Yes
Apeldoorn,apd001,51,1699519826,OV_FIETS,Yes
Hengelo,hgl002,4,1699519826,OV_FIETS,Yes
Rijswijk,rsw002,26,1699519826,OV_FIETS,Yes
Middelburg,mdb002,22,1699519826,OV_FIETS,Yes
Ede-Wageningen Zuidplein,ed002,0,1699519826,OV_FIETS,Yes
